{"epoch":"10","train_loss":31.085618393106785,"_timestamp":1.7721443124724758e+09,"val_recall":0.15558921047902818,"train_acc":0.14625,"val_acc":0.1469,"val_f1":0.05294694602747494,"_step":0,"_wandb":{"runtime":207},"_runtime":207,"val_loss":31.085618393106788,"val_precision":0.06981426753516926}