{"val_recall":0.6985653767392583,"epoch":"5","val_acc":0.7039,"_wandb":{"runtime":122},"val_precision":0.6964887150825566,"val_f1":0.6929518800860122,"_step":0,"val_loss":0.041520390242720966,"_runtime":122,"train_loss":0.042770213445901005,"train_acc":0.6946333333333333,"_timestamp":1.77214060849759e+09}