{"_timestamp":1.7727126185428963e+09,"test/recall":0.10011210762331839,"train/acc":0.10255,"train/f1":0.019363864839598177,"test/f1":0.018579006695146706,"_runtime":5,"train/precision":0.09154064604565229,"test/acc":0.1011,"_step":0,"train/loss":2.3025850929927385,"_wandb":{"runtime":5},"train/recall":0.10040286259409655,"test/precision":0.060105052526263136,"test/loss":2.3025850929938954}