{"test/loss":2.3025850929938954,"train/f1":0.019363864839598177,"train/loss":2.3025850929927385,"_runtime":59,"test/recall":0.10011210762331839,"train/acc":0.10255,"test/acc":0.1011,"train/recall":0.10040286259409655,"_wandb":{"runtime":59},"test/f1":0.018579006695146706,"_timestamp":1.772711737923073e+09,"test/precision":0.060105052526263136,"_step":0,"train/precision":0.09154064604565229}