{"test/acc":0.098,"test/precision":0.0098,"train/precision":0.009871666666666666,"test/f1":0.01785063752276867,"train/recall":0.1,"_wandb":{"runtime":61},"_runtime":61,"test/recall":0.1,"_step":0,"train/f1":0.017969449205891722,"test/loss":NaN,"train/acc":0.09871666666666666,"_timestamp":1.7727175730415726e+09,"train/loss":NaN}