{"_step":0,"val_recall":0.4102233208340607,"val_f1":0.3581030067994415,"val_acc":0.4216,"_wandb":{"runtime":110},"train_loss":0.07366015812181737,"_runtime":110,"epoch":"10","_timestamp":1.772144447033982e+09,"val_precision":0.36629318600990535,"train_acc":0.4232166666666667,"val_loss":0.07399007195202115}