{"test/precision":0.060105052526263136,"_step":0,"test/f1":0.018579006695146706,"_wandb":{"runtime":4},"_runtime":4,"_timestamp":1.772712526181927e+09,"train/recall":0.10040286259409655,"test/loss":2.3025850929938954,"train/f1":0.019363864839598177,"train/precision":0.09154064604565229,"test/acc":0.1011,"train/loss":2.3025850929927385,"train/acc":0.10255,"test/recall":0.10011210762331839}