{"_step":0,"val_acc":0.4253,"_wandb":{"runtime":6},"epoch":"1","val_precision":0.4710008088392506,"_runtime":6,"val_recall":0.42147857226320184,"train_loss":0.06872312647630763,"val_f1":0.3962361534112202,"train_acc":0.4230833333333333,"_timestamp":1.772136515879656e+09,"val_loss":0.0684036551637008}