{"_wandb":{"runtime":388},"val_recall":0.19436080197375144,"train_loss":0.8778611413874786,"train_acc":0.20358333333333334,"_step":0,"epoch":"5","val_f1":0.1745196310244959,"_timestamp":1.7721413774704936e+09,"val_acc":0.2009,"val_precision":0.18335781169244464,"_runtime":388,"val_loss":0.8788887142232799}