{"val_f1":0.02118399619138759,"_timestamp":1.7721490367347376e+09,"val_acc":0.1139,"_wandb":{"runtime":711},"val_loss":10.017502607113732,"train_acc":0.11271666666666667,"_step":0,"val_precision":0.03994189541174113,"train_loss":10.01709919685232,"_runtime":711,"epoch":"40","val_recall":0.1003875968992248}