{"val_acc":0.1135,"train_loss":25.535207949635417,"_step":0,"epoch":"20","val_precision":0.01135,"val_recall":0.1,"_timestamp":1.772151912300055e+09,"_runtime":452,"_wandb":{"runtime":452},"val_loss":25.553053190668795,"train_acc":0.11236666666666667,"val_f1":0.0203861697350696}