{"_timestamp":1.7721445229009833e+09,"epoch":"5","train_loss":0.031876882042911045,"_wandb":{"runtime":100},"val_precision":0.8201439439969131,"train_acc":0.8036666666666666,"_runtime":100,"val_f1":0.8096942381683604,"val_acc":0.8164,"val_loss":0.030857251680256305,"val_recall":0.8123547262955206,"_step":0}