{"epoch":"10","_step":0,"val_recall":0.5012277834410092,"train_acc":0.49785,"_timestamp":1.7721499382677774e+09,"train_loss":0.06517402390496381,"val_precision":0.41478764445323735,"_wandb":{"runtime":236},"_runtime":236,"val_f1":0.4215682246793109,"val_acc":0.5105,"val_loss":0.06411927955400536}