{"train_acc":0.35873333333333335,"val_f1":0.23445583419767607,"val_acc":0.3601,"train_loss":0.07281448851328576,"val_precision":0.31607484093618426,"_timestamp":1.7721470571825843e+09,"val_loss":0.0718799665912918,"epoch":"10","_wandb":{"runtime":160},"val_recall":0.3453472434761028,"_runtime":160,"_step":0}