{"_runtime":425,"_timestamp":1.7721534188375607e+09,"val_f1":0.025746932143650793,"val_acc":0.1043,"val_recall":0.10333393220732108,"train_acc":0.10335,"_step":0,"_wandb":{"runtime":425},"epoch":"40","val_precision":0.08422474119124763,"train_loss":2.112858527071803,"val_loss":2.122423945326095}