{"_step":0,"val_precision":0.00974,"val_recall":0.1,"val_loss":0.09131051198149667,"_runtime":93,"epoch":"5","_wandb":{"runtime":93},"_timestamp":1.7721438523571653e+09,"train_loss":0.09129405554465944,"val_acc":0.0974,"train_acc":0.09751666666666667,"val_f1":0.017751047931474397}