{"_step":0,"epoch":"20","val_recall":0.8980579192661446,"train_loss":0.016934994429986763,"val_acc":0.8995,"val_loss":0.016557722147090868,"_wandb":{"runtime":534},"train_acc":0.8956,"val_f1":0.8983353425621544,"_runtime":534,"_timestamp":1.7721488696342504e+09,"val_precision":0.899296582476753}