{"train_acc":0.09885,"_wandb":{"runtime":383},"val_acc":0.0979,"epoch":"5","val_loss":0.10338309775481594,"val_precision":0.09311801034885661,"_timestamp":1.7721420110321078e+09,"_runtime":383,"train_loss":0.09998527092679595,"val_recall":0.09990326143893022,"_step":0,"val_f1":0.01823803750478347}