{"val_precision":0.11509390398236663,"epoch":"5","_wandb":{"runtime":126},"train_loss":3.1232565026939585,"val_f1":0.05330761905013219,"_step":0,"_timestamp":1.7721468776239898e+09,"val_loss":3.1254706384214748,"_runtime":126,"val_acc":0.1012,"train_acc":0.10205,"val_recall":0.09867519143207255}