{"val_recall":0.39199607184384744,"_runtime":778,"val_precision":0.4306114311943722,"_wandb":{"runtime":778},"train_acc":0.4032833333333333,"val_f1":0.32824683791535764,"val_acc":0.4005,"val_loss":0.07420759860596106,"_step":0,"_timestamp":1.7721466492331915e+09,"epoch":"40","train_loss":0.07468685217028985}