{"_timestamp":1.772143472496716e+09,"_runtime":311,"val_precision":0.05908386437533001,"val_f1":0.022904678665540575,"_wandb":{"runtime":311},"train_acc":0.10465,"_step":0,"val_acc":0.1033,"val_loss":0.09255430895652313,"val_recall":0.1023469387755102,"epoch":"20","train_loss":0.09253369680843386}