{"train_acc":0.11248333333333334,"val_recall":0.10001627840673946,"val_acc":0.1135,"epoch":"40","val_loss":0.09028501557716896,"val_precision":0.11135817307692308,"_runtime":346,"_step":0,"_timestamp":1.772145249523305e+09,"val_f1":0.02060606833590278,"_wandb":{"runtime":346},"train_loss":0.09021851782037833}