{"train_acc":0.14611666666666667,"_timestamp":1.7721416077888355e+09,"_step":0,"_runtime":182,"val_acc":0.1497,"val_recall":0.14796112664786595,"_wandb":{"runtime":182},"val_f1":0.1392149759219218,"val_precision":0.18067706820995708,"train_loss":19.8993198668684,"epoch":"5","val_loss":19.98654993041932}