{"val_loss":27.304913334787795,"train_loss":27.30565175228193,"val_acc":0.1034,"val_f1":0.021339517381931464,"_wandb":{"runtime":941},"_runtime":941,"train_acc":0.09926666666666667,"_step":0,"_timestamp":1.7721612282531538e+09,"epoch":"40","val_precision":0.012123957285247608,"val_recall":0.10022464799873439}