{"_wandb":{"runtime":143},"val_loss":0.1,"train_loss":0.1,"_timestamp":1.7721468165263333e+09,"val_precision":0.0098,"val_acc":0.098,"_runtime":143,"val_recall":0.1,"val_f1":0.01785063752276867,"train_acc":0.09871666666666666,"_step":0,"epoch":"10"}