{"val_recall":0.1,"val_precision":0.0098,"val_loss":0.08654026575241096,"val_f1":0.01785063752276867,"_timestamp":1.7721534406367595e+09,"val_acc":0.098,"train_loss":0.08657927448476012,"_wandb":{"runtime":56},"train_acc":0.09871666666666666,"_runtime":56,"_step":0,"epoch":"5"}