{"val_precision":0.8194063093459972,"val_acc":0.808,"val_recall":0.8025693493059218,"_timestamp":1.7721502040056193e+09,"val_loss":0.029865572548137924,"train_loss":0.030874417312869384,"_step":0,"epoch":"40","val_f1":0.8038296408073531,"_runtime":663,"train_acc":0.8026333333333333,"_wandb":{"runtime":663}}