{"val_loss":18.168826439306127,"val_recall":0.11350068641706539,"_step":0,"val_f1":0.0349779363071684,"val_precision":0.023514959283394844,"_wandb":{"runtime":739},"_runtime":739,"val_acc":0.1154,"_timestamp":1.772144880355684e+09,"train_loss":18.145585806885904,"epoch":"40","train_acc":0.11548333333333333}