{"train_acc":0.09875,"train_loss":0.9394533333333316,"_wandb":{"runtime":634},"_timestamp":1.7721409468845468e+09,"val_f1":0.01785063752276867,"epoch":"10","val_recall":0.1,"val_acc":0.098,"_runtime":634,"val_loss":0.93832,"_step":0,"val_precision":0.0098}