{"epoch":"5","_step":0,"val_precision":0.059795836266720304,"val_acc":0.098,"train_acc":0.09871666666666666,"train_loss":94507.82740532058,"val_f1":0.018987774561792688,"_runtime":127,"_timestamp":1.7721396362107582e+09,"val_recall":0.09997141268958945,"_wandb":{"runtime":127},"val_loss":132077.10267775742}