{"val_loss":0.08040163657363528,"epoch":"5","_timestamp":1.7721430568209167e+09,"_runtime":63,"train_loss":0.08082058473080261,"val_precision":0.10638536891149471,"val_recall":0.19287014981652306,"val_f1":0.11386652665596972,"_wandb":{"runtime":63},"val_acc":0.2013,"_step":0,"train_acc":0.20146666666666666}