{"_timestamp":1.7721522934235513e+09,"val_loss":12.353095822474373,"_runtime":63,"_wandb":{"runtime":63},"val_acc":0.1365,"train_loss":12.293384894800186,"val_f1":0.09060957404822387,"train_acc":0.13521666666666668,"_step":0,"val_precision":0.16596402996031784,"epoch":"5","val_recall":0.13681865910498708}