{"val_f1":0.04888040398850112,"_runtime":133,"_step":0,"val_loss":4.376818892287186,"val_acc":0.1486,"epoch":"5","val_recall":0.1373834607475452,"train_acc":0.14706666666666668,"_wandb":{"runtime":133},"_timestamp":1.7721437515134273e+09,"val_precision":0.029749333495896774,"train_loss":4.378607657123733}