{"_runtime":115,"train_loss":4.6292824480305494,"epoch":"5","train_acc":0.11093333333333333,"val_recall":0.10282201421220546,"_step":0,"val_precision":0.0814934150399414,"val_f1":0.08155767957281349,"val_acc":0.106,"_wandb":{"runtime":115},"val_loss":4.63090074196383,"_timestamp":1.7721512977745779e+09}