{"val_loss":0.1,"val_f1":0.01785063752276867,"_step":0,"val_precision":0.0098,"val_acc":0.098,"_runtime":161,"epoch":"5","_wandb":{"runtime":161},"_timestamp":1.77214584712292e+09,"train_loss":0.1,"train_acc":0.09871666666666666,"val_recall":0.1}