{"train_loss":0.07444371598185288,"val_recall":0.278097242518988,"_runtime":287,"val_acc":0.2893,"epoch":"20","_wandb":{"runtime":287},"_step":0,"train_acc":0.2947166666666667,"val_loss":0.07421554347699727,"_timestamp":1.772145760310597e+09,"val_f1":0.16439501807273169,"val_precision":0.13528148313117563}