{"_runtime":880,"val_recall":0.2077194765481191,"epoch":"40","_timestamp":1.7721463192213929e+09,"val_precision":0.21158099511874093,"val_loss":28.846515777973746,"_wandb":{"runtime":880},"train_loss":28.791451514537886,"val_acc":0.2183,"val_f1":0.11088303534299286,"train_acc":0.21916666666666668,"_step":0}