{"val_acc":0.1942,"_runtime":50,"_timestamp":1.7721334456580577e+09,"epoch":"5","val_precision":0.09311154138419751,"val_loss":0.08244896734183425,"val_f1":0.1041751206985754,"_wandb":{"runtime":50},"train_acc":0.19506666666666667,"_step":0,"val_recall":0.18661464320859353,"train_loss":0.0828270121773624}