{"epoch":"40","_timestamp":1.7721458803707232e+09,"val_acc":0.098,"val_recall":0.1,"train_acc":0.09871666666666666,"train_loss":0.1,"val_f1":0.01785063752276867,"_wandb":{"runtime":625},"_runtime":625,"_step":0,"val_precision":0.0098,"val_loss":0.1}