{"_wandb":{"runtime":176},"_timestamp":1.772149778211088e+09,"train_acc":0.8666833333333334,"val_acc":0.8701,"val_loss":0.024350086222906565,"train_loss":0.024770934280446175,"val_recall":0.8683081054037796,"val_f1":0.8687791316388127,"_runtime":176,"_step":0,"epoch":"10","val_precision":0.872715656470414}