{"epoch":"20","val_acc":0.8147,"val_precision":0.8165848112033037,"_runtime":498,"val_loss":0.03130477368915127,"val_f1":0.8106710167882418,"_timestamp":1.7721442742766397e+09,"train_loss":0.032723619881563304,"_wandb":{"runtime":498},"train_acc":0.805,"_step":0,"val_recall":0.8116495713038919}