{"val_recall":0.11177907761215085,"train_acc":0.1093,"_runtime":204,"val_precision":0.14539001101056093,"_step":0,"val_loss":0.35339865898531103,"_wandb":{"runtime":204},"epoch":"5","val_f1":0.0452825039987307,"_timestamp":1.7721409104423916e+09,"train_loss":0.3566767965006689,"val_acc":0.1091}