{"train_loss":0.05503377352771,"_wandb":{"runtime":524},"val_f1":0.538512798443546,"val_precision":0.5100912800199771,"val_acc":0.6005,"train_acc":0.5892666666666667,"_timestamp":1.7721459387080646e+09,"val_loss":0.05395090403977059,"_step":0,"epoch":"20","val_recall":0.5906392718138975,"_runtime":524}