{"val_precision":0.7684034779141676,"train_acc":0.7644333333333333,"val_acc":0.7693,"_wandb":{"runtime":289},"train_loss":0.035530657650961174,"val_f1":0.7628784334886682,"_runtime":289,"val_loss":0.03511963950937828,"epoch":"20","val_recall":0.7641243463719254,"_step":0,"_timestamp":1.7721351060887964e+09}