{"val_recall":0.12022206239323922,"_wandb":{"runtime":193},"val_acc":0.1213,"train_loss":0.8999999998638092,"train_acc":0.11906666666666667,"val_loss":0.8999999999978027,"_timestamp":1.7721533706790977e+09,"_runtime":193,"val_f1":0.03695736471340635,"val_precision":0.02358521208422199,"_step":0,"epoch":"10"}