{"train_acc":0.12636666666666665,"_runtime":374,"val_recall":0.13330377751295513,"_step":0,"val_acc":0.132,"val_precision":0.14524831435100746,"val_f1":0.11312801528394867,"_timestamp":1.772141994176602e+09,"_wandb":{"runtime":374},"train_loss":6.019013860727524,"val_loss":6.028957229232408,"epoch":"5"}