{"val_f1":0.9440169090403663,"train_acc":0.9478,"train_loss":0.008190592434010513,"_wandb":{"runtime":1271},"_step":0,"epoch":"40","val_recall":0.9439376005754847,"_runtime":1271,"val_precision":0.9443652605701596,"val_loss":0.008761196132971964,"_timestamp":1.7721449749096136e+09,"val_acc":0.9448}