{"_wandb":{"runtime":154},"val_precision":0.07533774322973479,"val_f1":0.05652585467739868,"epoch":"5","_runtime":154,"_timestamp":1.7721524353997293e+09,"val_loss":16.45043855345512,"train_acc":0.12566666666666668,"val_acc":0.1239,"val_recall":0.11395730468818513,"train_loss":16.45188399171645,"_step":0}