{"_wandb":{"runtime":211},"_step":0,"val_acc":0.6002,"_timestamp":1.7721399440328536e+09,"train_acc":0.5922833333333334,"val_loss":0.06624732564694051,"val_recall":0.5910707808444225,"val_f1":0.5604554944771512,"val_precision":0.6946892232858305,"_runtime":211,"epoch":"10","train_loss":0.06679682141892083}