{"val_acc":0.285,"train_loss":0.07365869806561413,"_wandb":{"runtime":402},"_runtime":402,"epoch":"40","val_f1":0.16394878216667783,"val_precision":0.13349642978468973,"val_recall":0.2884216419401241,"val_loss":0.0734752775811826,"_step":0,"_timestamp":1.7721477029746354e+09,"train_acc":0.2890666666666667}