{"val_recall":0.14815865860738314,"_runtime":203,"val_acc":0.1579,"train_loss":0.9361399521649295,"_timestamp":1.7721407621753583e+09,"_step":0,"val_f1":0.08475770860486241,"val_precision":0.10980917157485211,"_wandb":{"runtime":203},"val_loss":0.9356799516635109,"epoch":"10","train_acc":0.15546666666666667}