{"val_acc":0.8543,"val_precision":0.8545222373155864,"_runtime":547,"_timestamp":1.7721476934886534e+09,"val_recall":0.8529301910074981,"epoch":"40","_wandb":{"runtime":547},"train_acc":0.8451333333333333,"train_loss":0.025009996392829588,"val_loss":0.024097904605290623,"val_f1":0.8525459245508115,"_step":0}