{"val_acc":0.1575,"epoch":"10","val_recall":0.15511143360825033,"val_f1":0.15552993841882515,"_step":0,"val_precision":0.24113320208083774,"train_acc":0.15706666666666666,"_wandb":{"runtime":232},"_runtime":232,"val_loss":22.82162034937091,"train_loss":22.801303669499312,"_timestamp":1.7721492893997345e+09}