{"_step":0,"_runtime":61,"train_acc":0.29696666666666666,"_wandb":{"runtime":61},"train_loss":0.09357505337116616,"val_f1":0.23714857837497022,"val_loss":0.0932731469557721,"val_precision":0.3910760189345872,"val_recall":0.2875146371395337,"val_acc":0.2979,"epoch":"10","_timestamp":1.772151444440981e+09}