{"_step":0,"train_acc":0.5704166666666667,"val_precision":0.6713391837923735,"_timestamp":1.7721405723725357e+09,"val_recall":0.5678442936489271,"val_loss":0.04936052593337501,"val_f1":0.5307561455509687,"_runtime":185,"epoch":"10","train_loss":0.04999911272202936,"val_acc":0.5778,"_wandb":{"runtime":185}}