{"_timestamp":1.7721497606582077e+09,"train_acc":0.09863333333333334,"_step":0,"val_recall":0.1,"epoch":"5","train_loss":4.8986857598047155,"val_loss":4.898632891086532,"val_acc":0.0958,"_runtime":103,"val_precision":0.00958,"val_f1":0.01748494250775689,"_wandb":{"runtime":103}}