{"val_acc":0.1032,"_runtime":98,"val_precision":0.01032,"val_recall":0.1,"_timestamp":1.7721481159801464e+09,"train_acc":0.0993,"_step":0,"train_loss":0.09393275511619087,"val_f1":0.018709209572153735,"val_loss":0.09386867438301728,"_wandb":{"runtime":98},"epoch":"10"}