{"train_acc":0.85515,"_step":0,"val_precision":0.8660406685519814,"val_f1":0.8572257219881472,"_wandb":{"runtime":165},"_timestamp":1.7721450439140346e+09,"val_recall":0.8550409581270053,"_runtime":165,"epoch":"5","val_acc":0.8575,"val_loss":0.024853986856795053,"train_loss":0.024899999670403232}