{"_wandb":{"runtime":304},"val_recall":0.26960302759491184,"train_loss":20.74544910336176,"_runtime":304,"train_acc":0.26106666666666667,"val_loss":20.754681370066518,"val_acc":0.2634,"val_f1":0.25160672634924214,"_timestamp":1.7721496045692022e+09,"epoch":"20","val_precision":0.4867999362799599,"_step":0}