{"_wandb":{"runtime":120},"train_acc":0.09871666666666666,"train_loss":0.1,"val_loss":0.1,"_timestamp":1.7721395566255658e+09,"val_f1":0.01785063752276867,"_runtime":120,"epoch":"5","val_recall":0.1,"_step":0,"val_acc":0.098,"val_precision":0.0098}