{"val_precision":0.25986655437815215,"_runtime":280,"val_loss":17.307757559583685,"_step":0,"train_loss":17.29053081904279,"epoch":"20","_wandb":{"runtime":280},"val_recall":0.11159619433901331,"_timestamp":1.772148000260302e+09,"train_acc":0.12498333333333334,"val_f1":0.04959072788677961,"val_acc":0.1241}