{"_step":0,"val_precision":0.4309141206296042,"train_loss":1.8394673646519604,"val_acc":0.3282,"epoch":"10","train_acc":0.32888333333333336,"val_loss":1.8432644136367595,"_timestamp":1.77215266136653e+09,"val_recall":0.3232303101859469,"_wandb":{"runtime":205},"_runtime":205,"val_f1":0.3259624809090683}