{"_runtime":148,"_timestamp":1.772144312139819e+09,"val_loss":0.1,"val_f1":0.01785063752276867,"val_acc":0.098,"_wandb":{"runtime":148},"_step":0,"val_precision":0.0098,"train_acc":0.09871666666666666,"epoch":"10","val_recall":0.1,"train_loss":0.1}