{"_runtime":154,"train_loss":0.05317367055815051,"val_acc":0.629,"val_precision":0.6039909944451674,"_step":0,"val_loss":0.05288726010939852,"epoch":"5","_wandb":{"runtime":154},"val_recall":0.6192163462818558,"_timestamp":1.7721472395313447e+09,"val_f1":0.572884844984193,"train_acc":0.628}