{"epoch":"5","val_acc":0.5027,"_step":0,"_timestamp":1.7724281602365878e+09,"val_recall":0.49195299506987256,"train_loss":0.06002714133769886,"_wandb":{"runtime":60},"val_precision":0.45151027467002525,"val_loss":0.05954933177923555,"_runtime":60,"train_acc":0.49351666666666666,"val_f1":0.43495420307149396}