{"val_loss":0.0662475179680566,"train_acc":0.5141666666666667,"train_loss":0.06674379646475524,"_runtime":313,"_step":0,"val_acc":0.5231,"_timestamp":1.7721460197394538e+09,"epoch":"20","_wandb":{"runtime":313},"val_recall":0.5149340451893847,"val_precision":0.5145825557496762,"val_f1":0.5066201517850231}