{"train_acc":0.8544833333333334,"_timestamp":1.7721435571852736e+09,"_step":0,"val_acc":0.8552,"val_f1":0.8507357708432828,"_runtime":140,"_wandb":{"runtime":140},"epoch":"5","val_loss":0.025384126797636783,"train_loss":0.025459364585317362,"val_precision":0.8559122718230249,"val_recall":0.851267716575199}