{"train_acc":0.1591,"val_acc":0.1548,"_timestamp":1.772141597519455e+09,"train_loss":22.269818145969225,"_wandb":{"runtime":165},"val_loss":22.36641237041573,"_step":0,"val_f1":0.1273438636867759,"epoch":"10","val_recall":0.15053105899852298,"val_precision":0.1755820048361521,"_runtime":165}