{"train/recall":0.10017538522194322,"test/recall":0.10009727626459144,"train/precision":0.11612327340054984,"_wandb":{"runtime":54},"test/f1":0.017961601693890668,"train/loss":2.3025850929935046,"test/loss":2.302585092993929,"train/acc":0.0977,"test/acc":0.0975,"train/f1":0.01813377371352438,"_step":0,"_timestamp":1.772712730322216e+09,"_runtime":54,"test/precision":0.10974974974974976}