{"val_recall":0.5413374177425869,"val_f1":0.541033582968604,"val_loss":1.139606712826353,"_step":0,"val_precision":0.6169221805284807,"_timestamp":1.7721451574795806e+09,"train_acc":0.5395,"_wandb":{"runtime":156},"train_loss":1.1413759845666245,"_runtime":156,"epoch":"10","val_acc":0.5523}