{"train_loss":0.011539272737258213,"_step":0,"_timestamp":1.7721490610142837e+09,"_runtime":311,"train_acc":0.9306666666666666,"epoch":"20","val_precision":0.9246688983029758,"val_acc":0.9258,"val_f1":0.9247462363177643,"val_loss":0.012079292112517757,"_wandb":{"runtime":311},"val_recall":0.924898865012812}