{"val_loss":7.352930959269365,"_step":0,"_wandb":{"runtime":701},"_runtime":701,"epoch":"10","val_acc":0.1077,"val_precision":0.15946758289801477,"val_recall":0.10654268956034048,"_timestamp":1.7721414003588114e+09,"train_acc":0.10195,"train_loss":7.3495090784724955,"val_f1":0.09992634468113375}