{"epoch":"40","_runtime":834,"val_acc":0.8448,"_step":0,"_wandb":{"runtime":834},"val_recall":0.8402465060022892,"val_f1":0.8385649368164367,"train_acc":0.8372333333333334,"train_loss":0.026293325347354644,"val_loss":0.02570533241714482,"val_precision":0.8410305991952465,"_timestamp":1.7721466875071676e+09}