{"_timestamp":1.7721467351404865e+09,"val_recall":0.1558396091753135,"val_precision":0.204235609546162,"_runtime":692,"_wandb":{"runtime":692},"epoch":"40","val_acc":0.1612,"_step":0,"val_f1":0.11851283307259146,"val_loss":25.138947005186072,"train_loss":25.123363692616728,"train_acc":0.15881666666666666}