{"train_acc":0.18693333333333334,"epoch":"20","_timestamp":1.7721522951909425e+09,"val_loss":11.33554964409817,"train_loss":11.37601583108444,"_wandb":{"runtime":210},"_runtime":210,"val_precision":0.2261855241011927,"val_acc":0.1835,"val_f1":0.1471557040084653,"_step":0,"val_recall":0.18652030929940236}