{"train_loss":31.085618393106785,"val_precision":0.5851285268755753,"_runtime":301,"_wandb":{"runtime":301},"_step":0,"val_f1":0.45049432624457963,"val_loss":31.085618393106788,"_timestamp":1.7721613611518354e+09,"val_recall":0.4891252209699539,"epoch":"20","train_acc":0.49578333333333335,"val_acc":0.5033}