{"_runtime":455,"_timestamp":1.7721506815970714e+09,"val_recall":0.1265282299867525,"val_precision":0.3002166223521152,"_step":0,"train_acc":0.12511666666666665,"val_loss":14.615470552330175,"_wandb":{"runtime":455},"val_f1":0.10049357496797792,"epoch":"40","train_loss":14.611620494362104,"val_acc":0.125}