{"val_acc":0.5527,"epoch":"5","_runtime":420,"val_recall":0.5471511248879943,"train_acc":0.5519666666666667,"_timestamp":1.7721410835527658e+09,"train_loss":0.05990684963194246,"val_f1":0.4942309561631812,"_step":0,"val_loss":0.060221257738922375,"val_precision":0.4949974540139337,"_wandb":{"runtime":420}}