{"val_f1":0.01871090562958934,"_timestamp":1.7721496823626823e+09,"epoch":"5","val_loss":0.16558224978597755,"train_loss":0.16614961954634033,"_wandb":{"runtime":90},"_runtime":90,"val_acc":0.1032,"train_acc":0.09931666666666666,"_step":0,"val_precision":0.010321032103210321,"val_recall":0.1}