{"train_loss":0.1,"val_f1":0.01785063752276867,"val_precision":0.0098,"val_recall":0.1,"epoch":"10","_timestamp":1.7721471211185567e+09,"_runtime":175,"_step":0,"_wandb":{"runtime":175},"train_acc":0.09871666666666666,"val_loss":0.1,"val_acc":0.098}