{"_wandb":{"runtime":161},"_runtime":161,"epoch":"10","_step":0,"val_acc":0.104,"train_loss":15.416092938400713,"val_f1":0.024562128822303766,"val_recall":0.10301204162791922,"val_precision":0.24672695184823876,"train_acc":0.10481666666666667,"_timestamp":1.7721489949397066e+09,"val_loss":15.482307830212461}