{"epoch":"5","train_acc":0.09871666666666666,"val_precision":0.0098,"train_loss":0.1,"_wandb":{"runtime":147},"_step":0,"val_acc":0.098,"val_recall":0.1,"val_loss":0.1,"_timestamp":1.7721445817347617e+09,"val_f1":0.01785063752276867,"_runtime":147}