{"epoch":"5","_wandb":{"runtime":86},"val_acc":0.4054,"train_acc":0.3949166666666667,"val_recall":0.3956129799437422,"_timestamp":1.772140319866087e+09,"val_loss":0.07380761331360028,"_runtime":86,"val_precision":0.35976942055292166,"val_f1":0.358401878213185,"_step":0,"train_loss":0.074697459219419}