{"val_recall":0.1,"_step":0,"_wandb":{"runtime":293},"val_precision":0.0098,"val_f1":0.01785063752276867,"_timestamp":1.77214671718934e+09,"train_loss":0.1,"val_loss":0.1,"_runtime":293,"epoch":"20","train_acc":0.09871666666666666,"val_acc":0.098}