{"_timestamp":1.7721347618338163e+09,"val_f1":0.7361244195607883,"val_precision":0.7546082650753696,"_step":0,"val_acc":0.7406,"val_recall":0.7352576109314575,"epoch":"20","val_loss":0.040304095207290995,"train_loss":0.041495982031705736,"_runtime":473,"train_acc":0.7305333333333334,"_wandb":{"runtime":473}}