{"val_acc":0.098,"val_precision":0.0098,"_wandb":{"runtime":156},"train_loss":0.1,"val_f1":0.01785063752276867,"_runtime":156,"val_recall":0.1,"epoch":"5","_timestamp":1.772147078533577e+09,"val_loss":0.1,"train_acc":0.09871666666666666,"_step":0}