{"train_acc":0.10218333333333333,"val_loss":31.085618393106788,"val_recall":0.1,"_step":0,"val_precision":0.010100000000000001,"val_acc":0.101,"epoch":"40","val_f1":0.01834695731153497,"_wandb":{"runtime":694},"train_loss":31.085618393106785,"_timestamp":1.7721518453748007e+09,"_runtime":694}