{"_wandb":{"runtime":54},"_runtime":54,"train/precision":0.5006088581834638,"test/loss":0.04903743162884829,"test/recall":0.5432596952579354,"train/recall":0.5426947732696907,"train/loss":0.048946514440860914,"test/precision":0.49228474379777526,"test/acc":0.5595,"test/f1":0.46821571292587605,"train/acc":0.5577333333333333,"_step":0,"_timestamp":1.7727128134440866e+09,"train/f1":0.4674838365508608}