{"test/f1":0.04010859974025564,"test/recall":0.11213256252417092,"_wandb":{"runtime":121},"_timestamp":1.7724320576135967e+09,"train/recall":0.11466291833249669,"train/f1":0.04415513819503848,"_step":0,"test/loss":0.3250821296051666,"test/precision":0.28812855253939074,"_runtime":121,"train/acc":0.11186666666666667,"train/precision":0.18868879879697753,"train/loss":0.3250819962760544,"test/acc":0.1101}