{"train_loss":0.06872312647630763,"val_acc":0.4253,"_timestamp":1.772136037680377e+09,"train_acc":0.4230833333333333,"val_f1":0.3962361534112202,"epoch":"1","_runtime":14,"_step":0,"val_precision":0.4710008088392506,"val_loss":0.0684036551637008,"val_recall":0.42147857226320184,"_wandb":{"runtime":14}}