{"_timestamp":1.7721452543818822e+09,"_wandb":{"runtime":45},"_step":0,"train_loss":0.10645695433547599,"val_loss":0.13346087222740532,"epoch":"5","val_recall":0.10010183299389001,"val_precision":0.043150021703562726,"_runtime":45,"val_f1":0.018081363663934667,"train_acc":0.09876666666666667,"val_acc":0.0981}