{"train_loss":0.1,"val_loss":63.514657206074254,"_timestamp":1.7721481342813323e+09,"train_acc":0.09871666666666666,"val_precision":0.009801960392078415,"epoch":"40","_wandb":{"runtime":738},"_step":0,"val_acc":0.098,"val_recall":0.1,"_runtime":738,"val_f1":0.01785388959737657}