{"train_loss":23.74019865332999,"val_acc":0.1127,"val_loss":23.750127010115357,"_wandb":{"runtime":429},"val_f1":0.038282852755942766,"val_precision":0.03851512551443454,"_step":0,"epoch":"40","val_recall":0.10074409914465451,"_runtime":429,"train_acc":0.11526666666666667,"_timestamp":1.772148717130798e+09}