{"_wandb":{"runtime":93},"val_f1":0.5865013141358988,"_runtime":93,"val_loss":0.0800661796224937,"_step":0,"val_acc":0.6018,"val_precision":0.6317017341422669,"_timestamp":1.7721394860834417e+09,"train_loss":0.08100491071466898,"epoch":"5","val_recall":0.5947135400702251,"train_acc":0.60015}