{"_timestamp":1.7721517084556267e+09,"val_precision":0.0098009800980098,"train_acc":0.09871666666666666,"val_recall":0.1,"_runtime":264,"_wandb":{"runtime":264},"val_acc":0.098,"_step":0,"val_loss":0.985741331995597,"train_loss":0.9845862844516015,"epoch":"20","val_f1":0.017852263411968303}