{"_runtime":812,"val_loss":22.722873113491588,"_wandb":{"runtime":812},"epoch":"40","_step":0,"val_recall":0.1,"_timestamp":1.772143735792886e+09,"val_precision":0.01135,"val_f1":0.0203861697350696,"val_acc":0.1135,"train_loss":22.742790705096578,"train_acc":0.11236666666666667}