{"val_recall":0.57252118075312,"_step":0,"_wandb":{"runtime":558},"val_precision":0.5318066035691144,"epoch":"20","val_loss":0.05482311221378154,"val_acc":0.5798,"_runtime":558,"_timestamp":1.7721495723826222e+09,"train_loss":0.055600361318119296,"train_acc":0.5749,"val_f1":0.5286598458805324}