{"_runtime":308,"_step":0,"val_f1":0.7155902464027251,"epoch":"20","val_loss":0.039993083962204794,"val_recall":0.7146118434042769,"train_acc":0.7199,"_wandb":{"runtime":308},"_timestamp":1.7721357866932049e+09,"train_loss":0.03993636745311434,"val_acc":0.7184,"val_precision":0.7191537908168801}