{"test/recall":0.1,"test/f1":0.01785063752276867,"test/precision":0.0098,"_step":0,"test/acc":0.098,"_timestamp":1.7727176847810035e+09,"train/loss":NaN,"train/acc":0.09871666666666666,"_wandb":{"runtime":52},"train/precision":0.009871666666666666,"train/recall":0.1,"_runtime":52,"train/f1":0.017969449205891722,"test/loss":NaN}