{"val_recall":0.1180486633514231,"_wandb":{"runtime":535},"train_loss":22.033969188327895,"val_f1":0.04187179067943404,"_runtime":535,"train_acc":0.13276666666666667,"_timestamp":1.7721448334207413e+09,"epoch":"40","val_acc":0.1317,"val_precision":0.03427256844487681,"val_loss":22.03927479840394,"_step":0}