{"val_acc":0.4,"_timestamp":1.772140342966154e+09,"train_acc":0.39026666666666665,"val_f1":0.3040987634992236,"val_loss":0.10113789799704512,"val_precision":0.45963142379445426,"_wandb":{"runtime":137},"epoch":"5","_step":0,"train_loss":0.10165280327202737,"_runtime":137,"val_recall":0.3875427758447189}