{"_wandb":{"runtime":253},"val_recall":0.09387290977061849,"_timestamp":1.7721459495298235e+09,"_runtime":253,"val_acc":0.094,"train_acc":0.09696666666666667,"val_precision":0.1193927655421256,"train_loss":8.62854027466987,"epoch":"10","val_loss":8.64210685409994,"val_f1":0.08086534473121802,"_step":0}