{"_runtime":317,"train_acc":0.10008333333333333,"val_f1":0.02049452528066447,"val_loss":12.4311058387374,"val_acc":0.0972,"val_precision":0.11508690146963677,"epoch":"20","train_loss":12.428353043585707,"val_recall":0.10142443546502726,"_step":0,"_wandb":{"runtime":317},"_timestamp":1.7721461002526603e+09}