{"epoch":"5","val_loss":28.308628647267764,"val_f1":0.01748494250775689,"val_precision":0.00958,"_timestamp":1.7721419131584945e+09,"train_loss":28.313579262522186,"train_acc":0.09863333333333334,"val_recall":0.1,"val_acc":0.0958,"_step":0,"_wandb":{"runtime":147},"_runtime":147}