{"val_f1":0.8530010772919269,"_step":0,"train_acc":0.8530666666666666,"val_acc":0.8566,"val_loss":0.04705294919601437,"epoch":"40","val_precision":0.8594046652717757,"val_recall":0.8535870850826136,"train_loss":0.04755192395309705,"_wandb":{"runtime":931},"_runtime":931,"_timestamp":1.772146709257806e+09}