{"val_f1":0.09582558509611996,"val_precision":0.12020969951442054,"train_acc":0.1469,"val_recall":0.1455946083939891,"_runtime":547,"val_loss":30.718147771672374,"val_acc":0.1473,"_timestamp":1.7721450174229589e+09,"_wandb":{"runtime":547},"epoch":"40","_step":0,"train_loss":30.70662013204079}