{"_timestamp":1.7721433783190315e+09,"epoch":"20","val_recall":0.1000968992248062,"_runtime":233,"_step":0,"train_acc":0.10455,"val_loss":0.09008457436877326,"_wandb":{"runtime":233},"val_f1":0.0188436413045004,"train_loss":0.0900938612658123,"val_precision":0.06028411364545818,"val_acc":0.1029}