{"train_acc":0.12403333333333333,"val_acc":0.1249,"epoch":"5","val_loss":31.085618393106788,"_step":0,"_runtime":432,"val_recall":0.12360060683222607,"_timestamp":1.7721394197763693e+09,"val_precision":0.5713027465837529,"_wandb":{"runtime":432},"val_f1":0.06204962882135036,"train_loss":31.085618393106785}