{"test/precision":0.3389470945764753,"_runtime":66,"train/recall":0.29053550287600854,"test/f1":0.18737013886108245,"test/loss":0.07463255711494907,"train/loss":0.07470316040330945,"_timestamp":1.7724288870144155e+09,"train/acc":0.30461666666666665,"test/recall":0.2888551762466672,"_step":0,"train/precision":0.30428847874406134,"test/acc":0.306,"_wandb":{"runtime":66},"train/f1":0.18715417658532457}