{"_runtime":61,"val_loss":0.09094981205430129,"train_acc":0.11236666666666667,"val_acc":0.1135,"val_f1":0.02038800071851985,"_timestamp":1.772133608013963e+09,"epoch":"5","_wandb":{"runtime":61},"train_loss":0.09096923460197014,"_step":0,"val_precision":0.011351135113511351,"val_recall":0.1}