{"val_f1":0.2026433378645812,"train_loss":0.08739198335368413,"val_loss":0.08714979301922189,"_wandb":{"runtime":508},"val_recall":0.24860440801167943,"val_precision":0.5631939452168936,"_timestamp":1.7721446313320282e+09,"_runtime":508,"val_acc":0.2628,"_step":0,"epoch":"40","train_acc":0.26143333333333335}