{"val_f1":0.056855567045147846,"_timestamp":1.7721422642252588e+09,"val_precision":0.16334161318266777,"epoch":"10","train_loss":28.255783707691517,"_wandb":{"runtime":161},"_step":0,"val_loss":28.247839697166988,"train_acc":0.13265,"val_acc":0.1359,"_runtime":161,"val_recall":0.12331877636231944}