{"val_precision":0.8919724939275863,"_timestamp":1.772143895860517e+09,"train_acc":0.8894166666666666,"val_f1":0.8914805554455002,"val_loss":0.016918880961521682,"val_acc":0.8932,"val_recall":0.8915054414770116,"_step":0,"_wandb":{"runtime":201},"epoch":"5","_runtime":201,"train_loss":0.017414885721482653}