{"val_recall":0.594213266519581,"epoch":"1","_step":0,"val_acc":0.6002,"_wandb":{"runtime":19},"train_acc":0.5949666666666666,"val_loss":0.055277396556311635,"val_f1":0.5851466067678189,"train_loss":0.05578362716870176,"_timestamp":1.7721375110160096e+09,"_runtime":19,"val_precision":0.6188329597286998}