{"train_loss":0.04790225166998303,"val_recall":0.6623057630176791,"_wandb":{"runtime":107},"val_loss":0.04725708426944167,"val_precision":0.6594308173977704,"_step":0,"train_acc":0.6589833333333334,"val_acc":0.6684,"_timestamp":1.7721448563669033e+09,"_runtime":107,"epoch":"5","val_f1":0.6575117501286346}