{"val_precision":0.2044817271805607,"train_loss":25.675206743806918,"_runtime":487,"_wandb":{"runtime":487},"_timestamp":1.7721477476199257e+09,"val_loss":25.671867956774864,"_step":0,"val_f1":0.06226428365695399,"train_acc":0.12623333333333334,"val_recall":0.1270867199139694,"epoch":"40","val_acc":0.1282}