{"val_loss":0.023196925306268778,"_runtime":392,"val_recall":0.8434574887683546,"_timestamp":1.772134131695391e+09,"train_acc":0.8465833333333334,"val_precision":0.8440183222854815,"val_f1":0.8428695255920248,"_step":0,"val_acc":0.8453,"train_loss":0.02314422566624419,"_wandb":{"runtime":392},"epoch":"20"}