{"train_acc":0.09871666666666666,"train_loss":0.1,"val_f1":0.01785063752276867,"epoch":"10","val_loss":0.1,"_wandb":{"runtime":321},"_runtime":321,"val_acc":0.098,"val_precision":0.0098,"_step":0,"_timestamp":1.772141732660611e+09,"val_recall":0.1}