{"val_recall":0.3564723322810849,"val_precision":0.44775267963472587,"epoch":"10","_timestamp":1.772141406230751e+09,"train_loss":5.602496867183024,"_runtime":383,"val_f1":0.36426747251483066,"val_acc":0.3604,"_step":0,"train_acc":0.35606666666666664,"_wandb":{"runtime":383},"val_loss":5.606887237053044}