{"val_recall":0.1734166120892245,"val_acc":0.1769,"_step":0,"val_loss":0.0891529336478984,"_wandb":{"runtime":128},"epoch":"5","val_precision":0.03779194454644755,"_runtime":128,"_timestamp":1.7721482711069357e+09,"train_loss":0.08913778347817541,"val_f1":0.06168704135950698,"train_acc":0.18236666666666668}