{"epoch":"5","val_loss":14.454699391803096,"train_loss":14.428789778289497,"train_acc":0.08166666666666667,"_runtime":438,"_timestamp":1.7721410722497122e+09,"_wandb":{"runtime":438},"val_f1":0.05419440177979078,"val_precision":0.1727643188813524,"val_acc":0.0817,"val_recall":0.08129014482942107,"_step":0}