{"val_recall":0.90183217122614,"_timestamp":1.772142081032487e+09,"val_acc":0.9036,"_step":0,"val_f1":0.9016387698737496,"_runtime":878,"val_loss":0.020643416681780487,"epoch":"10","train_acc":0.90205,"train_loss":0.020596476222407935,"_wandb":{"runtime":878},"val_precision":0.9021950225276617}