{"_wandb":{"runtime":161},"val_loss":0.02876599173508404,"_step":0,"val_f1":0.8064293719390973,"train_loss":0.02949470947125025,"train_acc":0.80605,"val_acc":0.8102,"_runtime":161,"val_precision":0.8070039325172547,"_timestamp":1.7721495232046394e+09,"epoch":"10","val_recall":0.8069977886359695}