{"train_loss":31.085618393106785,"val_acc":0.1135,"_timestamp":1.772148814591433e+09,"_wandb":{"runtime":382},"_runtime":382,"val_recall":0.1,"train_acc":0.11236666666666667,"epoch":"20","_step":0,"val_precision":0.01135,"val_loss":31.085618393106788,"val_f1":0.0203861697350696}