{"epoch":"40","train_loss":0.1,"val_loss":0.1,"val_acc":0.098,"val_f1":0.01785063752276867,"_timestamp":1.7721444119758818e+09,"val_recall":0.1,"train_acc":0.09871666666666666,"_step":0,"val_precision":0.0098,"_runtime":1183,"_wandb":{"runtime":1183}}