{"_timestamp":1.7721473696176455e+09,"_wandb":{"runtime":628},"val_f1":0.11872058727785895,"_runtime":628,"_step":0,"train_acc":0.18983333333333333,"val_acc":0.1944,"val_precision":0.10866253777189634,"val_recall":0.1820157222784888,"epoch":"40","val_loss":5.3183923971068845,"train_loss":5.3176748055059715}