{"_wandb":{"runtime":596},"val_acc":0.098,"_runtime":596,"_step":0,"train_loss":0.1,"val_f1":0.01785063752276867,"epoch":"40","val_precision":0.0098,"val_loss":0.1,"_timestamp":1.7721452326745672e+09,"train_acc":0.09871666666666666,"val_recall":0.1}