{"_timestamp":1.7721422031700175e+09,"_wandb":{"runtime":566},"val_precision":0.0098,"_step":0,"val_acc":0.098,"epoch":"10","val_loss":0.97603999999971,"_runtime":566,"val_f1":0.01785063752276867,"train_loss":0.9757999999994921,"val_recall":0.1,"train_acc":0.09871666666666666}