{"val_acc":0.7718,"val_f1":0.7678285400663095,"val_loss":0.034796908646455724,"_wandb":{"runtime":599},"_runtime":599,"_step":0,"val_recall":0.7680190109524692,"val_precision":0.79156041136319,"train_loss":0.034822615547926705,"epoch":"40","_timestamp":1.7721475783870118e+09,"train_acc":0.7723833333333333}