{"epoch":"10","train_acc":0.09871666666666666,"_timestamp":1.7721453929255288e+09,"val_loss":0.1,"_runtime":327,"val_acc":0.098,"val_precision":0.0098,"val_recall":0.1,"_step":0,"train_loss":0.1,"val_f1":0.01785063752276867,"_wandb":{"runtime":327}}