{"epoch":"5","_runtime":121,"train_acc":0.09871666666666666,"val_acc":0.098,"val_f1":0.01785063752276867,"_timestamp":1.7721470221197135e+09,"train_loss":0.1,"val_precision":0.0098,"_step":0,"_wandb":{"runtime":121},"val_loss":0.1,"val_recall":0.1}