{"epoch":"20","train_acc":0.8157333333333333,"val_f1":0.8181997972043785,"val_acc":0.821,"train_loss":0.03572041729094083,"val_precision":0.8290002525005704,"_timestamp":1.7721487309599621e+09,"_runtime":400,"val_recall":0.8169274492188354,"val_loss":0.034738516309990156,"_step":0,"_wandb":{"runtime":400}}