{"val_f1":0.01785063752276867,"train_acc":0.09871666666666666,"epoch":"5","_runtime":407,"_wandb":{"runtime":407},"val_precision":0.0098,"val_loss":0.1,"val_acc":0.098,"_timestamp":1.7721409667024806e+09,"_step":0,"train_loss":0.1,"val_recall":0.1}