{"epoch":"10","val_loss":2.1651989533499707,"_timestamp":1.7721411712225893e+09,"val_recall":0.13657576692816806,"_runtime":236,"_step":0,"val_precision":0.21649639585738903,"_wandb":{"runtime":236},"train_loss":2.1654867888696443,"train_acc":0.13573333333333334,"val_acc":0.1375,"val_f1":0.07943333543143262}