{"_runtime":217,"train_acc":0.20781666666666668,"train_loss":0.08060575740360089,"val_loss":0.08002913518699085,"val_recall":0.19762785906762437,"val_acc":0.2067,"val_f1":0.11484183719526386,"_timestamp":1.7721452001373699e+09,"val_precision":0.10343999548495983,"epoch":"20","_wandb":{"runtime":217},"_step":0}