{"train/acc":0.11291666666666667,"test/precision":0.09087974824185215,"train/recall":0.11552393720469094,"_step":0,"test/recall":0.1120693842663226,"_timestamp":1.7724290051409626e+09,"train/precision":0.1472723953684993,"test/f1":0.03884166834770664,"_runtime":72,"train/loss":0.3250815370645769,"test/acc":0.1095,"train/f1":0.0440814301090726,"_wandb":{"runtime":72},"test/loss":0.32508148855466334}