{"train_acc":0.4230833333333333,"_runtime":5,"val_recall":0.42147857226320184,"_timestamp":1.772136238022392e+09,"train_loss":0.06872312647630763,"val_acc":0.4253,"val_loss":0.0684036551637008,"epoch":"1","val_precision":0.4710008088392506,"_wandb":{"runtime":5},"val_f1":0.3962361534112202,"_step":0}