{"val_recall":0.10228883338921142,"val_acc":0.1034,"val_precision":0.3430001359875115,"_runtime":308,"_wandb":{"runtime":308},"val_loss":0.09211784267557786,"val_f1":0.023281165301320524,"train_loss":0.09235400701472846,"train_acc":0.10256666666666667,"_timestamp":1.7721420705073214e+09,"_step":0,"epoch":"10"}