{"train_loss":0.02844984422808365,"_timestamp":1.7721331767909365e+09,"_wandb":{"runtime":261},"val_loss":0.02802448696952898,"epoch":"10","val_recall":0.8095223525672246,"val_f1":0.8102771260023408,"val_acc":0.8121,"val_precision":0.8209837964946631,"_step":0,"_runtime":261,"train_acc":0.8081833333333334}