{"_runtime":589,"_timestamp":1.772144396537668e+09,"val_f1":0.22615922428958077,"train_acc":0.3159166666666667,"val_acc":0.3102,"val_precision":0.3833826987736359,"_step":0,"epoch":"40","val_recall":0.3126269525566901,"train_loss":19.19042976266902,"val_loss":19.16870648943317,"_wandb":{"runtime":589}}