{"_wandb":{"runtime":261},"_runtime":261,"train_loss":25.483744577106915,"val_f1":0.0203861697350696,"val_precision":0.01135,"_timestamp":1.7721462383997862e+09,"val_loss":25.470849951327963,"train_acc":0.11236666666666667,"val_recall":0.1,"val_acc":0.1135,"epoch":"20","_step":0}