{"_timestamp":1.7721406005641432e+09,"val_recall":0.19848294075065287,"_step":0,"val_precision":0.22126601772421844,"train_loss":9.771810878216508,"epoch":"5","val_loss":9.829442368613407,"train_acc":0.19328333333333333,"val_f1":0.1805963086654769,"_wandb":{"runtime":57},"_runtime":57,"val_acc":0.1994}