{"epoch":"10","val_f1":0.31663163359971447,"val_loss":0.0764421422215894,"_wandb":{"runtime":170},"val_precision":0.3355380472507114,"_runtime":170,"val_recall":0.40965620807295416,"train_acc":0.4145666666666667,"val_acc":0.418,"_timestamp":1.7721456634467835e+09,"_step":0,"train_loss":0.07671496218888771}