{"train_acc":0.49543333333333334,"train_loss":0.06807129704822007,"val_acc":0.4954,"val_loss":0.06764119005395262,"_wandb":{"runtime":173},"val_precision":0.4077954141212065,"val_recall":0.4887659298349766,"_step":0,"val_f1":0.4368447441538998,"_timestamp":1.7721454479440145e+09,"_runtime":173,"epoch":"10"}