{"_runtime":1424,"val_loss":0.07122449856641701,"_step":0,"val_precision":0.37668853633408644,"_timestamp":1.7721420210350037e+09,"val_acc":0.4484,"val_recall":0.44672865013976926,"val_f1":0.3589729467063085,"_wandb":{"runtime":1424},"epoch":"10","train_loss":0.07073985132508875,"train_acc":0.44633333333333336}