{"_wandb":{"runtime":329},"train_acc":0.09871666666666666,"_step":0,"val_precision":0.0098,"train_loss":0.1,"val_recall":0.1,"val_acc":0.098,"epoch":"10","_runtime":329,"val_loss":0.1,"_timestamp":1.772147623643603e+09,"val_f1":0.01785063752276867}