{"_runtime":392,"val_precision":0.19264538752986224,"_step":0,"val_loss":20.265039858991187,"_timestamp":1.7721449593613648e+09,"val_f1":0.18031949099219263,"train_loss":20.181390112167993,"epoch":"10","_wandb":{"runtime":392},"train_acc":0.1903,"val_recall":0.18868329070278225,"val_acc":0.1923}