{"_wandb":{"runtime":433},"train_loss":0.19458337159510686,"val_recall":0.1,"val_f1":0.017858769931662872,"_timestamp":1.772141406470906e+09,"val_precision":0.009804902451225613,"val_acc":0.098,"_runtime":433,"_step":0,"val_loss":849.8308819303745,"train_acc":0.09871666666666666,"epoch":"5"}