{"val_precision":0.00974,"_step":0,"val_recall":0.1,"_timestamp":1.7721523495345428e+09,"_wandb":{"runtime":39},"val_f1":0.017751047931474397,"train_acc":0.09751666666666667,"val_loss":25.577921397528208,"train_loss":25.578036528115515,"epoch":"5","val_acc":0.0974,"_runtime":39}