{"val_precision":0.01135,"val_f1":0.0203861697350696,"_step":0,"_wandb":{"runtime":178},"val_acc":0.1135,"train_acc":0.11236666666666667,"val_recall":0.1,"_timestamp":1.7721454091121907e+09,"epoch":"5","val_loss":22.81958280683374,"_runtime":178,"train_loss":22.80461583048317}