{"val_precision":0.17208963051377324,"val_f1":0.117592387569044,"val_acc":0.1248,"_wandb":{"runtime":156},"train_acc":0.13076666666666667,"epoch":"10","_step":0,"val_recall":0.1253548387050552,"val_loss":0.7941366149504625,"_timestamp":1.7721409927821236e+09,"_runtime":156,"train_loss":0.7973712390658034}