{"train_loss":10.630959627305709,"val_recall":0.12710050716870513,"_step":0,"_runtime":194,"epoch":"5","val_f1":0.07017177358455048,"_wandb":{"runtime":194},"_timestamp":1.7721435942608123e+09,"val_precision":0.09647492408621375,"train_acc":0.13353333333333334,"val_acc":0.132,"val_loss":10.640593655520924}