{"val_recall":0.1,"_timestamp":1.7721509956770153e+09,"_runtime":444,"train_acc":0.09871666666666666,"val_loss":0.1,"val_f1":0.01785063752276867,"_wandb":{"runtime":444},"epoch":"40","_step":0,"val_acc":0.098,"train_loss":0.1,"val_precision":0.0098}