{"val_precision":0.19770785230483562,"_wandb":{"runtime":250},"train_loss":6.448056195173097,"_timestamp":1.7721525559683478e+09,"val_acc":0.1292,"_step":0,"val_loss":6.454353635260094,"epoch":"5","val_recall":0.1299356225736809,"train_acc":0.12373333333333333,"_runtime":250,"val_f1":0.10318375799702717}