{"_wandb":{"runtime":157},"train_loss":0.033902579251704375,"epoch":"10","_runtime":157,"val_loss":0.033459821408960554,"val_recall":0.7625384056807537,"_timestamp":1.7721404364778416e+09,"val_precision":0.7007147500524512,"train_acc":0.7721833333333333,"val_acc":0.7729,"_step":0,"val_f1":0.7282219535499694}