{"val_f1":0.462321502822442,"epoch":"40","_runtime":451,"_step":0,"train_loss":0.06423850377862314,"val_loss":0.06420676988158981,"_timestamp":1.7721458252668002e+09,"val_acc":0.5261,"_wandb":{"runtime":451},"train_acc":0.5282666666666667,"val_precision":0.43395963424172634,"val_recall":0.5197247551388952}