{"val_acc":0.1682,"train_loss":19.05656185905101,"val_precision":0.18548194216839436,"train_acc":0.16768333333333332,"_wandb":{"runtime":1099},"_step":0,"_runtime":1099,"_timestamp":1.772145352974664e+09,"val_loss":19.042716685775837,"val_f1":0.14864899869491616,"epoch":"40","val_recall":0.16221954837080121}