{"_runtime":5,"train_loss":0.06872312647630763,"val_f1":0.3962361534112202,"val_acc":0.4253,"train_acc":0.4230833333333333,"_wandb":{"runtime":5},"_step":0,"epoch":"1","val_precision":0.4710008088392506,"_timestamp":1.7721364338853123e+09,"val_loss":0.0684036551637008,"val_recall":0.42147857226320184}