{"_runtime":607,"val_acc":0.6431,"_wandb":{"runtime":607},"train_acc":0.6402833333333333,"val_loss":0.05051168331582983,"_step":0,"val_recall":0.6344644850383439,"train_loss":0.0508288289131946,"val_precision":0.6009706504236847,"epoch":"40","val_f1":0.6014595504944139,"_timestamp":1.7721437760983045e+09}