{"epoch":"5","val_recall":0.37760105769660657,"val_acc":0.3872,"_wandb":{"runtime":56},"val_f1":0.3470971346085977,"_step":0,"train_loss":0.07905465389177871,"train_acc":0.38243333333333335,"_timestamp":1.77214879099683e+09,"val_precision":0.33965238503827855,"_runtime":56,"val_loss":0.07857565893575043}