{"epoch":"10","train_acc":0.8948333333333334,"_timestamp":1.7721423552103312e+09,"val_recall":0.8928674232965725,"train_loss":0.019110735333297296,"_runtime":1721,"_step":0,"val_acc":0.8943,"val_loss":0.01903038841993002,"val_precision":0.8961402806160134,"val_f1":0.8929305640907723,"_wandb":{"runtime":1721}}