{"epoch":"20","train_acc":0.1428,"_step":0,"val_loss":0.1030036844620976,"val_f1":0.09600864230405891,"train_loss":0.10303332113017379,"_wandb":{"runtime":522},"_timestamp":1.7721467830763147e+09,"val_acc":0.1431,"_runtime":522,"val_precision":0.17438272283223516,"val_recall":0.14359465726687698}