{"train_acc":0.13401666666666667,"_timestamp":1.7721452967259643e+09,"train_loss":0.3885068122699847,"val_loss":0.38890669671199823,"_step":0,"val_precision":0.029205232900311996,"val_f1":0.04455648551934841,"epoch":"20","_runtime":357,"_wandb":{"runtime":357},"val_acc":0.136,"val_recall":0.1243537866621208}