{"train_acc":0.8678166666666667,"_wandb":{"runtime":162},"val_acc":0.8725,"_timestamp":1.7721492756776845e+09,"val_recall":0.8712572755213112,"val_precision":0.8789869686829332,"train_loss":0.024266833379941004,"epoch":"10","val_loss":0.024150336498880723,"_runtime":162,"val_f1":0.872341058546523,"_step":0}