{"_runtime":1037,"val_precision":0.0098,"_step":0,"train_loss":0.1,"epoch":"40","val_f1":0.01785063752276867,"train_acc":0.09871666666666666,"_timestamp":1.7721511332904253e+09,"_wandb":{"runtime":1037},"val_loss":0.1,"val_acc":0.098,"val_recall":0.1}