{"val_acc":0.098,"_timestamp":1.7721424231819339e+09,"_runtime":1630,"val_recall":0.1,"train_acc":0.09871666666666666,"epoch":"10","val_loss":0.1,"_step":0,"val_f1":0.01785063752276867,"val_precision":0.0098,"train_loss":0.1,"_wandb":{"runtime":1630}}