{"test/acc":0.1032,"_step":0,"_wandb":{"runtime":68},"test/f1":0.018709209572153735,"test/loss":NaN,"_timestamp":1.772715865981583e+09,"train/loss":NaN,"test/precision":0.01032,"train/precision":0.00993,"train/acc":0.0993,"train/recall":0.1,"train/f1":0.01806604202674429,"test/recall":0.1,"_runtime":68}