{"train_loss":3.623385190352432,"_step":0,"_wandb":{"runtime":945},"train_acc":0.1114,"val_f1":0.058311942669543516,"val_recall":0.10178054706721171,"epoch":"40","val_loss":3.6247364622713008,"val_acc":0.1097,"_timestamp":1.7721470716482024e+09,"val_precision":0.20676440868391405,"_runtime":945}