{"val_recall":0.1867791904604371,"_step":0,"_timestamp":1.7721454241319792e+09,"val_precision":0.27671012098462616,"_runtime":79,"val_loss":31.085618393106788,"val_f1":0.12844174480789036,"_wandb":{"runtime":79},"epoch":"5","train_acc":0.18206666666666665,"val_acc":0.193,"train_loss":31.085618393106785}