{"val_acc":0.1032,"_step":0,"train_acc":0.0993,"val_precision":0.01032,"val_loss":1.0164399992156652,"_timestamp":1.7721522643000972e+09,"epoch":"10","train_loss":1.016673330304986,"val_recall":0.1,"_runtime":333,"val_f1":0.018709209572153735,"_wandb":{"runtime":333}}