{"train/acc":0.09871666666666666,"train/recall":0.1,"test/recall":0.1,"_step":0,"_timestamp":1.772716429361537e+09,"_wandb":{"runtime":70},"train/f1":0.017969449205891722,"_runtime":70,"test/acc":0.098,"test/loss":NaN,"train/loss":NaN,"train/precision":0.009871666666666666,"test/f1":0.01785063752276867,"test/precision":0.0098}