{"_timestamp":1.7721454695023773e+09,"val_loss":22.690941880064656,"val_precision":0.20823716219695582,"_runtime":250,"_wandb":{"runtime":250},"_step":0,"val_f1":0.07235432477276493,"train_acc":0.11971666666666667,"train_loss":22.719797612973593,"val_acc":0.1231,"epoch":"20","val_recall":0.12077238266220658}