{"test/recall":0.10011210762331839,"train/loss":2.3025850929927385,"test/f1":0.018579006695146706,"train/f1":0.019363864839598177,"test/loss":2.3025850929938954,"test/acc":0.1011,"_wandb":{"runtime":5},"_runtime":5,"train/acc":0.10255,"train/precision":0.09154064604565229,"_step":0,"_timestamp":1.7727125959357305e+09,"test/precision":0.060105052526263136,"train/recall":0.10040286259409655}