{"val_recall":0.29664946233538625,"val_f1":0.19355403311728675,"val_loss":28.328661369460068,"val_acc":0.3057,"_timestamp":1.7721512387841034e+09,"_runtime":540,"train_loss":28.316572657792296,"_step":0,"_wandb":{"runtime":540},"epoch":"20","train_acc":0.30366666666666664,"val_precision":0.1607330133228352}