{"_step":0,"val_loss":18.38299429742211,"train_acc":0.0993,"val_acc":0.1032,"val_recall":0.1,"train_loss":18.383307171693392,"epoch":"10","_wandb":{"runtime":573},"val_precision":0.01032,"_timestamp":1.7721423249070303e+09,"_runtime":573,"val_f1":0.018709209572153735}