{"val_loss":13.938318021024317,"_timestamp":1.772151423328871e+09,"train_acc":0.16363333333333333,"val_recall":0.1727997885057813,"_step":0,"_runtime":98,"val_f1":0.05879847593075481,"train_loss":13.938988450958147,"epoch":"5","val_precision":0.038131809981568676,"val_acc":0.1648,"_wandb":{"runtime":98}}